ID	Description	GeneRatio	BgRatio	pvalue	p.adjust	qvalue	geneID	Count
GO:0008544	epidermis development	7/53	67/4114	1.88381415463827e-05	0.0253184622383383	0.0239145249525658	USH2A/CCN2/ZFP36/KRT34/IL20/ZDHHC21/POU3F1	7
