ID	Description	GeneRatio	BgRatio	pvalue	p.adjust	qvalue	geneID	Count
GO:0006836	neurotransmitter transport	6/63	44/4114	4.53900598474344e-05	0.0334616879856562	0.0328086109192448	GPM6B/TRIM9/STXBP5L/SLC18A2/MCTP1/KCNJ10	6
GO:0001505	regulation of neurotransmitter levels	6/63	46/4114	5.88078874967596e-05	0.0334616879856562	0.0328086109192448	GPM6B/TRIM9/STXBP5L/SLC18A2/MCTP1/KCNJ10	6
